{"cameraMode":{"drawMode":0,"name":"Shaded","section":"Shading Mode"},"sceneLighting":false,"audioPlay":false,"sceneViewState":{"m_AlwaysRefresh":false,"showFog":true,"showSkybox":false,"showFlares":true,"showImageEffects":true,"showParticleSystems":true,"showVisualEffectGraphs":true,"m_FxEnabled":true},"in2DMode":false,"pivot":{"x":0.0008177757263183594,"y":0.014069423079490662,"z":0.17252005636692048},"rotation":{"x":0.5848954319953919,"y":0.05464331805706024,"z":-0.03954053670167923,"w":0.8083000779151917},"size":0.2497003674507141,"orthographic":false}